{
  "color": {
    "theme": {
      "dark": {
        "primary": {
          "50": { "value": "#082f49" },
          "100": { "value": "#0c4a6e" },
          "200": { "value": "#075985" },
          "300": { "value": "#0369a1" },
          "400": { "value": "#0284c7" },
          "500": { "value": "#0ea5e9" },
          "600": { "value": "#38bdf8" },
          "700": { "value": "#7dd3fc" },
          "800": { "value": "#bae6fd" },
          "900": { "value": "#e0f2fe" }
        }
      }
    }
  }
}