{
  "color": {
    "theme": {
      "light": {
        "primary": {
          "50": { "value": "#F0F9FF" },
          "100": { "value": "#E0F2FE" },
          "200": { "value": "#BAE6FD" },
          "300": { "value": "#7DD3FC" },
          "400": { "value": "#38BDF8" },
          "500": { "value": "#0EA5E9" },
          "600": { "value": "#0284C7" },
          "700": { "value": "#0369A1" },
          "800": { "value": "#075985" },
          "900": { "value": "#0C4A6E" }
        }
      }
    }
  }
}