{
  "color": {
    "theme": {
      "light": {
        "primary": {
          "50": { "value": "#f0f9ff" },
          "100": { "value": "#e0f2fe" },
          "200": { "value": "#bae6fd" },
          "300": { "value": "#7dd3fc" },
          "400": { "value": "#38bdf8" },
          "500": { "value": "#0ea5e9" },
          "600": { "value": "#0284c7" },
          "700": { "value": "#0369a1" },
          "800": { "value": "#075985" },
          "900": { "value": "#0c4a6e" }
        }
      }
    },
    "core": {
      "neutral": {
        "0": { "value": "#ffffff" },
        "50": { "value": "#f9fafb" },
        "100": { "value": "#f3f4f6" },
        "200": { "value": "#e5e7eb" },
        "300": { "value": "#d1d5db" },
        "400": { "value": "#9ca3af" },
        "500": { "value": "#6b7280" },
        "600": { "value": "#4b5563" },
        "700": { "value": "#374151" },
        "800": { "value": "#1f2937" },
        "900": { "value": "#111827" }
      }
    }
  }
}