{
  "component": {
    "badge": {
      "base": {
        "borderRadius": { "value": "{size.borderRadius.full}" },
        "padding": {
          "x": { "value": "{size.spacing.2}" },
          "y": { "value": "{size.spacing.1}" }
        },
        "fontSize": { "value": "{typography.fontSize.xs}" },
        "fontWeight": { "value": "{typography.fontWeight.medium}" }
      },
      "variant": {
        "default": {
          "background": { "value": "{color.core.neutral.100}" },
          "text": { "value": "{color.core.neutral.700}" }
        },
        "primary": {
          "background": { "value": "{color.core.brand.primary.100}" },
          "text": { "value": "{color.core.brand.primary.700}" }
        },
        "success": {
          "background": { "value": "{color.core.brand.success.50}" },
          "text": { "value": "{color.core.brand.success.500}" }
        },
        "warning": {
          "background": { "value": "{color.core.brand.warning.50}" },
          "text": { "value": "{color.core.brand.warning.500}" }
        },
        "error": {
          "background": { "value": "{color.core.brand.error.50}" },
          "text": { "value": "{color.core.brand.error.500}" }
        }
      }
    }
  }
}