{
  "component": {
    "banner": {
      "base": {
        "padding": {
          "x": { "value": "{size.spacing.4}" },
          "y": { "value": "{size.spacing.3}" }
        },
        "border": { "value": "{color.core.neutral.200}" }
      },
      "variant": {
        "info": {
          "background": { "value": "{color.core.brand.info.50}" },
          "border": { "value": "{color.core.brand.info.200}" },
          "text": { "value": "{color.core.brand.info.700}" },
          "icon": { "value": "{color.core.brand.info.500}" }
        },
        "success": {
          "background": { "value": "{color.core.brand.success.50}" },
          "border": { "value": "{color.core.brand.success.200}" },
          "text": { "value": "{color.core.brand.success.700}" },
          "icon": { "value": "{color.core.brand.success.500}" }
        },
        "warning": {
          "background": { "value": "{color.core.brand.warning.50}" },
          "border": { "value": "{color.core.brand.warning.200}" },
          "text": { "value": "{color.core.brand.warning.700}" },
          "icon": { "value": "{color.core.brand.warning.500}" }
        },
        "error": {
          "background": { "value": "{color.core.brand.error.50}" },
          "border": { "value": "{color.core.brand.error.200}" },
          "text": { "value": "{color.core.brand.error.700}" },
          "icon": { "value": "{color.core.brand.error.500}" }
        }
      }
    }
  }
}