{
  "component": {
    "radio": {
      "base": {
        "size": { "value": "{size.spacing.4}" },
        "borderRadius": { "value": "{size.borderRadius.full}" },
        "border": { "value": "{color.core.neutral.300}" },
        "background": { "value": "{color.core.neutral.0}" }
      },
      "state": {
        "hover": {
          "border": { "value": "{color.core.neutral.400}" }
        },
        "checked": {
          "background": { "value": "{color.core.brand.primary.600}" },
          "border": { "value": "{color.core.brand.primary.600}" }
        },
        "disabled": {
          "background": { "value": "{color.core.neutral.100}" },
          "border": { "value": "{color.core.neutral.200}" }
        }
      }
    }
  }
}