{
  "component": {
    "tooltip": {
      "background": { "value": "{color.core.neutral.900}" },
      "text": { "value": "{color.core.neutral.0}" },
      "borderRadius": { "value": "{size.borderRadius.md}" },
      "shadow": { "value": "{effect.shadow.lg}" },
      "padding": {
        "x": { "value": "{size.spacing.3}" },
        "y": { "value": "{size.spacing.2}" }
      },
      "fontSize": { "value": "{typography.fontSize.sm}" },
      "arrow": {
        "size": { "value": "{size.spacing.2}" }
      }
    }
  }
}