{
  "size": {
    "spacing": {
      "1": { "value": "0.25rem" },
      "1.5": { "value": "0.375rem" },
      "2": { "value": "0.5rem" },
      "2.5": { "value": "0.625rem" },
      "3": { "value": "0.75rem" },
      "4": { "value": "1rem" },
      "5": { "value": "1.25rem" },
      "6": { "value": "1.5rem" },
      "8": { "value": "2rem" },
      "10": { "value": "2.5rem" },
      "12": { "value": "3rem" },
      "16": { "value": "4rem" }
    },
    "borderRadius": {
      "sm": { "value": "0.125rem" },
      "md": { "value": "0.375rem" },
      "lg": { "value": "0.5rem" },
      "full": { "value": "9999px" }
    },
    "border": {
      "1": { "value": "1px" }
    }
  }
}